Token,Item Name,Customer-facing Name,Variation Name,Unit and Precision,SKU,Description,Categories,Reporting Category,SEO Title,SEO Description,Permalink,GTIN,Square Online Item Visibility,Item Type,Weight (lb),Social Media Link Title,Social Media Link Description,Shipping Enabled,Self-serve Ordering Enabled,Delivery Enabled,Pickup Enabled,Price,Online Sale Price,Archived,Sellable,Contains Alcohol,Stockable,Auto Add Item to Check,Preselect First Variation,Option Name 1,Option Value 1,Default Unit Cost,Default Vendor Name,Default Vendor Code,Current Quantity A Bushel & A Peck Bakery,New Quantity A Bushel & A Peck Bakery,Stock Alert Enabled A Bushel & A Peck Bakery,Stock Alert Count A Bushel & A Peck Bakery,Modifier Set - Add Cold Foam,Modifier Set - Bottles,Modifier Set - Coffee Menu,Modifier Set - Cold brews,Modifier Set - Concentrates-sauces,Modifier Set - Drink Size,Modifier Set - Extra Shots,Modifier Set - Flavor Options,Modifier Set - Hot,Modifier Set - Icing Options,Modifier Set - Lotus Liquid,Modifier Set - Milk Options,Modifier Set - Produce,Modifier Set - Sauces,Modifier Set - Sourdough Artisan Loaf,Modifier Set - Special Instructions,Modifier Set - Stryker Menu,Modifier Set - Syrups
KKMUJE67TJ46YD4LI5E6Z6KJ,2X6 Ciabatta bread rolls,,2,,,"Ciabatta is an incredibly versatile bread, great for hearty breakfast sammies, dipping in flavored oil, or stacking up a sandwich.",Food,Food,,,,,hidden,Physical good,,,,N,N,N,Y,6.00,,N,,N,,N,Y,,,,,,,,,,N,N,N,N,N,N,N,N,N,N,N,N,N,N,N,N,N,N
YTDBQBPIPVNTZ4KEYV6ZDVSF,2X6 Ciabatta bread rolls,,4,,,,Food,Food,,,,,hidden,Physical good,,,,,,,,12.00,,N,,,,N,,,,,,,,,,,N,N,N,N,N,N,N,N,N,N,N,N,N,N,N,N,N,N
ARTB6OHCIEY6NCFUJAI2QG6Q,2X6 Ciabatta bread rolls,,6,,,,Food,Food,,,,,hidden,Physical good,,,,,,,,18.00,,N,,,,N,,,,,,,,,,,N,N,N,N,N,N,N,N,N,N,N,N,N,N,N,N,N,N
N42X2FQ4STHYX3B2AXBGNYT2,3D Toys,,Small,,,"Mini - Cow, mini dragons, bats, pumpkin men
Small - Spiral Fidgets, TicTacToe
Medium, Hex shaped Fidget, Maze tube, Small dragons",Retail,Retail,,,,,unavailable,Physical good,,,,N,N,N,Y,5.00,,N,,N,,N,Y,,,,,,,,,,N,N,N,N,N,N,N,N,N,N,N,N,N,N,N,N,N,N
GKG5D3JEMO4PKSASJPIIGPI3,3D Toys,,Medium,,,,Retail,Retail,,,,,unavailable,Physical good,,,,,,,,12.00,,N,,,,N,,,,,,,,,,,N,N,N,N,N,N,N,N,N,N,N,N,N,N,N,N,N,N
UGDTNBALZJDA2VNNOICY5WAH,3D Toys,,Large Multi color,,,,Retail,Retail,,,,,unavailable,Physical good,,,,,,,,30.00,,N,,,,N,,,,,,,,,,,N,N,N,N,N,N,N,N,N,N,N,N,N,N,N,N,N,N
M5ON5G4HIST36DDK76GO6LPO,6 Sourdough English Muffins,,Regular,,,"Soft, chewy texture, with the traditional sourdough flavor, perfectly paired with salted butter.",Bread,Bread,,,,,hidden,Physical good,,,,N,N,N,Y,8.00,,N,,N,,N,Y,,,,,,,,,,N,N,N,N,N,N,N,N,N,N,N,N,N,N,N,N,N,N
OD6KD7PHLTGDYJJY4HE7PTFK,6 Sourdough English Muffins,,Cinnamon Raisin,,,,Bread,Bread,,,,,hidden,Physical good,,,,,,,,8.50,,N,,,,N,,,,,,,,,,,N,N,N,N,N,N,N,N,N,N,N,N,N,N,N,N,N,N
4NVHCYSZAWIHN5WECBMOHCQZ,6 Sourdough English Muffins,,Cinnamon & sugar,,,,Bread,Bread,,,,,hidden,Physical good,,,,,,,,8.50,,N,,,,N,,,,,,,,,,,N,N,N,N,N,N,N,N,N,N,N,N,N,N,N,N,N,N
AGLG6I5LMRP32BKVBMGYXQ6P,Bagel BAGS OF 6,,Jalapeño and cheese,Package 1,,,"Bread, Food",Bread,,,,,hidden,Physical good,,,,N,N,N,Y,12.00,,N,,N,,N,Y,,,,,,,,,,N,N,N,N,N,N,N,N,N,N,N,N,N,N,N,N,N,N
2VW3MPMUEB2HL7AGYL5ZLHPN,Bagel BAGS OF 6,,Garlic and herb,Package 1,,,"Bread, Food",Bread,,,,,hidden,Physical good,,,,,,,,12.00,,N,,,,N,,,,,,,,,,,N,N,N,N,N,N,N,N,N,N,N,N,N,N,N,N,N,N
BHHG35ZUL2VQSDMFK7545OH2,Bagel BAGS OF 6,,Cinnamon raisin,Package 1,,,"Bread, Food",Bread,,,,,hidden,Physical good,,,,,,,,12.00,,N,,,,N,,,,,,,,,,,N,N,N,N,N,N,N,N,N,N,N,N,N,N,N,N,N,N
AWSKOH4LPVRQVTRJRLAZNEE4,Bagel BAGS OF 6,,Plain,Package 1,,,"Bread, Food",Bread,,,,,hidden,Physical good,,,,,,,,10.00,,N,,,,N,,,,,,,,,,,N,N,N,N,N,N,N,N,N,N,N,N,N,N,N,N,N,N
LOD6BLG46NGPTVZUDVI34HLW,Bagel BAGS OF 6,,Garlic Parmesan,Package 1,,,"Bread, Food",Bread,,,,,hidden,Physical good,,,,,,,,12.00,,N,,,,N,,,,,,,,,,,N,N,N,N,N,N,N,N,N,N,N,N,N,N,N,N,N,N
UFS73NEVXGD5AHTHA3E6KRS3,Bagel BAGS OF 6,,Everything,Package 1,,,"Bread, Food",Bread,,,,,hidden,Physical good,,,,,,,,12.00,,N,,,,N,,,,,,,,,,,N,N,N,N,N,N,N,N,N,N,N,N,N,N,N,N,N,N
DHTGROFXWHOIU5VIW3UUNQAN,Bagel BAGS OF 6,,Blueberry,Package 1,,,"Bread, Food",Bread,,,,,hidden,Physical good,,,,,,,,12.00,,N,,,,N,,,,,,,,,,,N,N,N,N,N,N,N,N,N,N,N,N,N,N,N,N,N,N
P4J2QKZ7GIAKQL2MFTBUMZV2,Bagel BAGS OF 6,,Bakers choice,Package 1,,,"Bread, Food",Bread,,,,,hidden,Physical good,,,,,,,,12.00,,N,,,,N,,,,,,,,,,,N,N,N,N,N,N,N,N,N,N,N,N,N,N,N,N,N,N
C7IQUB2FLEUECAU55SXJCMWW,Bagel BAGS OF 6,,Cinnamon sugar,Package 1,,,"Bread, Food",Bread,,,,,hidden,Physical good,,,,,,,,12.00,,N,,,,N,,,,,,,,,,,N,N,N,N,N,N,N,N,N,N,N,N,N,N,N,N,N,N
BNJ7A53KUKMAGLS4RIDEVIQX,Bagels BAGS OF 4,,jalapeno cheese,Pack 1,,,Bread,Bread,,,,,visible,Prepared food and beverage,,,,N,N,N,Y,10.00,,N,,N,,N,Y,Bagels flavors,jalapeno cheese,,,,,,,,N,N,N,N,N,N,N,N,N,N,N,N,N,N,N,N,N,N
YP4NOLPHYEZM55LAJPG2AADU,Bagels BAGS OF 4,,cheese,Pack 1,,,Bread,Bread,,,,,visible,Prepared food and beverage,,,,,,,,10.00,,N,,,,N,,Bagels flavors,cheese,,,,,,,,N,N,N,N,N,N,N,N,N,N,N,N,N,N,N,N,N,N
JBHUNRAY4RSLGFSZGJXVZF5V,Bagels BAGS OF 4,,plain,Pack 1,,,Bread,Bread,,,,,visible,Prepared food and beverage,,,,,,,,8.00,,N,,,,N,,Bagels flavors,plain,,,,,,,,N,N,N,N,N,N,N,N,N,N,N,N,N,N,N,N,N,N
HMQWTIYQPTU2R3UBMHW4BJTZ,Bagels BAGS OF 4,,everything,Pack 1,,,Bread,Bread,,,,,visible,Prepared food and beverage,,,,,,,,10.00,,N,,,,N,,Bagels flavors,everything,,,,,,,,N,N,N,N,N,N,N,N,N,N,N,N,N,N,N,N,N,N
MKAMVJXX3TZAXVXEPSPQPKTK,Bagels BAGS OF 4,,blueberry,Pack 1,,,Bread,Bread,,,,,visible,Prepared food and beverage,,,,,,,,10.00,,N,,,,N,,Bagels flavors,blueberry,,,,,,,,N,N,N,N,N,N,N,N,N,N,N,N,N,N,N,N,N,N
RPGBZAYTYBSGF5V4TY5ELVUE,Bagels BAGS OF 4,,cranberry orange,Pack 1,,,Bread,Bread,,,,,visible,Prepared food and beverage,,,,,,,,10.00,,N,,,,N,,Bagels flavors,cranberry orange,,,,,,,,N,N,N,N,N,N,N,N,N,N,N,N,N,N,N,N,N,N
EOLUHQ5DE3PZVOQODGSC7RGZ,Bagels to go,,Single,,,,"Bread, Food, From the case",Food,,,,,hidden,Prepared food and beverage,,,,N,N,N,Y,3.00,3.00,N,,N,,N,Y,Bagels,Single,,,,579,,,,N,N,N,N,N,N,N,N,N,N,N,N,N,N,N,N,N,N
YZKXTF54K3SVB2C4NIPHJQAA,Bagels to go,,Bagels & cream cheese,,,,"Bread, Food, From the case",Food,,,,,hidden,Prepared food and beverage,,,,,,,,6.00,6.00,N,,,,N,,Bagels,Bagels & cream cheese,,,,584,,,,N,N,N,N,N,N,N,N,N,N,N,N,N,N,N,N,N,N
ECXNFQBQCLR4H4UCQZYQL7YX,Bagels to go,,Cream cheese single,,,,"Bread, Food, From the case",Food,,,,,hidden,Prepared food and beverage,,,,,,,,2.00,2.00,N,,,,N,,Bagels,Cream cheese single,,,,8,,,,N,N,N,N,N,N,N,N,N,N,N,N,N,N,N,N,N,N
Y73OV74M6NP7D3TLEGPCQGG5,Bagels to go,,Cream cheese x3,,,,"Bread, Food, From the case",Food,,,,,hidden,Prepared food and beverage,,,,,,,,6.00,6.00,N,,,,N,,Bagels,Cream cheese x3,,,,3,,,,N,N,N,N,N,N,N,N,N,N,N,N,N,N,N,N,N,N
E6KMJU5FYALNEEHSQJHYF5TS,Blondie bar,,Regular,,,,Seasonal,Seasonal,,,,,visible,Physical good,,,,N,N,N,Y,3.00,,N,,N,,N,Y,,,,,,,,,,N,N,N,N,N,N,N,N,N,N,N,N,N,N,N,N,N,N
5BUBADJVPP5FP63MIWNSIL43,Bread Bible PDF,,Regular,,,,,,,,,,hidden,Physical good,,,,N,N,N,Y,15.00,,N,,N,,N,Y,,,,,,,,,,N,N,N,N,N,N,N,N,N,N,N,N,N,N,N,N,N,N
ZYCPY7RB34G2JNCROIJXIDUG,Bread bowls,,Regular,2 Loaves 1.000,,,"Bread, Seasonal",Seasonal,,,,,visible,Physical good,,,,N,N,N,Y,7.00,,N,,N,,N,Y,,,,,,,,,,N,N,N,N,N,N,N,N,N,N,N,N,N,N,N,N,N,N
5HXJJIUEW5GBJX2H5DAFQBXN,Bread pudding,,Regular,,,,Food,Food,,,,,hidden,Physical good,,,,N,N,N,Y,5.00,,N,,N,,N,Y,,,,,,,,,,N,N,N,N,N,N,N,N,N,N,N,N,N,N,N,N,N,N
DYNHXNPBDMWREA375LB4KEIY,Cake slice,,Regular,,,,Food,Food,,,,,hidden,Physical good,,,,N,N,N,Y,5.00,,N,,N,,N,Y,,,,,,,,,,N,N,N,N,N,N,N,N,N,N,N,N,N,N,N,N,N,N
4NHQGTT4ETCX7NY2Q7K5DZ63,Cheese braid,,Regular,,,,"Food, From the case",Food,,,,,visible,Physical good,,,,N,N,N,Y,5.00,,N,,N,,N,Y,,,,,,590,,,,N,N,N,N,N,N,N,N,N,N,N,N,N,N,N,N,N,N
RLDCEYZOA7HFMMR6GVL2WRBB,Cheesecakes,,Regular,,,,,,,,,,visible,Prepared food and beverage,,,,N,N,N,Y,variable,,N,,N,,Y,,,,,,,,,,,N,N,N,N,N,N,N,N,N,N,N,N,N,N,N,N,N,N
T62QQFP6BAN7LDWPWJMECYZY,Cinnamon roll,,1 roll,,,,"Food, From the case",Food,,,,,hidden,Physical good,,,,N,N,N,Y,6.00,,N,,N,,N,Y,,,,,,567,,,,N,N,N,N,N,N,N,N,N,N,N,N,N,N,N,N,N,N
4UV4GQQHPM7CMJUTGGXGWUQG,Cinnamon roll,,4 rolls,,,,"Food, From the case",Food,,,,,hidden,Physical good,,,,,,,,20.00,,N,,,,N,,,,,,,,,,,N,N,N,N,N,N,N,N,N,N,N,N,N,N,N,N,N,N
SDEUTOMTADRVTU3K6AV7HXDY,Cinnamon roll,,6 rolls,,,,"Food, From the case",Food,,,,,hidden,Physical good,,,,,,,,30.00,,N,,,,N,,,,,,,,,,,N,N,N,N,N,N,N,N,N,N,N,N,N,N,N,N,N,N
5KYCZBIBOUKLHC444K5CV2KG,Cinnamon roll,,12 rolls,,,,"Food, From the case",Food,,,,,hidden,Physical good,,,,,,,,60.00,,N,,,,N,,,,,,,,,,,N,N,N,N,N,N,N,N,N,N,N,N,N,N,N,N,N,N
JCFXEBGIGQPDE3MPF4NVG6QI,Cinnamon rolls,,1,,,"Soft, gooey, with bold cinnamon flavor.",Food,Food,,,,,hidden,Physical good,,,,N,N,N,Y,3.00,,N,,N,,N,Y,,,,,,,,,,N,N,N,N,N,N,N,N,N,N,N,N,N,N,N,N,N,N
7UB7T36UQF5ALXBA76TXZYXQ,Cinnamon rolls,,2,,,,Food,Food,,,,,hidden,Physical good,,,,,,,,6.00,,N,,,,N,,,,,,,,,,,N,N,N,N,N,N,N,N,N,N,N,N,N,N,N,N,N,N
GAC5QFZBH7QDHISVDUXNITTM,Cinnamon rolls,,4,,,,Food,Food,,,,,hidden,Physical good,,,,,,,,10.00,,N,,,,N,,,,,,,,,,,N,N,N,N,N,N,N,N,N,N,N,N,N,N,N,N,N,N
NIIJRK3HR7VIZXKZEDSN3AAL,Cinnamon rolls,,6,,,,Food,Food,,,,,hidden,Physical good,,,,,,,,18.00,,N,,,,N,,,,,,,,,,,N,N,N,N,N,N,N,N,N,N,N,N,N,N,N,N,N,N
5JDM626MKSGZ4WV3VC7VNOQ3,Cinnamon rolls,,8,,,,Food,Food,,,,,hidden,Physical good,,,,,,,,24.00,,N,,,,N,,,,,,,,,,,N,N,N,N,N,N,N,N,N,N,N,N,N,N,N,N,N,N
YAMAAP4MUBPJAQCQ5CIUIFVG,Cinnamon rolls,,12,,,,Food,Food,,,,,hidden,Physical good,,,,,,,,36.00,,N,,,,N,,,,,,,,,,,N,N,N,N,N,N,N,N,N,N,N,N,N,N,N,N,N,N
QATYSL4GLJPYU3Q3WTT7GKKJ,Coffee cake,,Regular,,,,"Food, From the case",Food,,,,,hidden,Physical good,,,,N,N,N,Y,4.00,,N,,N,,N,Y,,,,,,,,,,N,N,N,N,N,N,N,N,N,N,N,N,N,N,N,N,N,N
4CYLRM746VEEYF2DUKNMXWMH,Cold Brew,,Small - 16oz,,,"Cold-brewed coffee with a rich flavor profile, exceptionally smooth texture, and a bold, invigorating aroma.",Drinks,Drinks,,,,,hidden,Prepared food and beverage,,,,N,N,N,Y,6.00,,N,,N,,N,Y,Drink Sizes,Small - 16oz,,,,,,,,Y,N,N,Y,N,N,N,N,N,N,N,Y,N,Y,N,Y,N,Y
BBP6BLGCCEKLGMJOTNOU267X,Cold Brew,,Regular - 20oz,,,,Drinks,Drinks,,,,,hidden,Prepared food and beverage,,,,,,,,7.00,,N,,,,N,,Drink Sizes,Regular - 20oz,,,,,,,,Y,N,N,Y,N,N,N,N,N,N,N,Y,N,Y,N,Y,N,Y
NVRTXSTXV5P3IKVUSHRIFU6P,Cold Brew,,Large - 24oz,,,,Drinks,Drinks,,,,,hidden,Prepared food and beverage,,,,,,,,8.00,,N,,,,N,,Drink Sizes,Large - 24oz,,,,,,,,Y,N,N,Y,N,N,N,N,N,N,N,Y,N,Y,N,Y,N,Y
QCESZTGDPMATFZCICCQDK452,Concentrates,,Regular,,,,Drinks,Drinks,,,,,visible,Prepared food and beverage,,,,N,N,N,Y,2.75,,N,,N,,N,Y,,,,,,-18,,,,N,N,N,N,Y,N,Y,N,N,N,Y,N,N,N,N,N,N,Y
IITGJFHI3KXYTASTZ76KPU7T,Concentrates,,Personal glass,,,,Drinks,Drinks,,,,,visible,Prepared food and beverage,,,,,,,,0.00,,N,,,,N,,,,,,,,,,,N,N,N,N,Y,N,Y,N,N,N,Y,N,N,N,N,N,N,Y
LM7TCK3R3MV2QRWSGNFEEBQ3,Cookie,,Regular,,,,"Food, From the case",Food,,,,,hidden,Physical good,,,,N,N,N,Y,4.00,,N,,N,,N,Y,,,,,,,,,,N,N,N,N,N,N,N,N,N,N,N,N,N,N,N,N,N,N
YXUNNGHFBMEDFEJQCZ2YOJZ5,Cupcakes,,Regular,Package 1,,,Food,Food,,,,,hidden,Physical good,,,,N,N,N,Y,18.00,,N,,N,,N,Y,,,,,,,,,,N,N,N,N,N,N,N,N,N,N,N,N,N,N,N,N,N,N
RPEFS2IM4LV7S4EZIVSH2HDI,Dehydrated sourdough starter,,Regular,,,"Starters are fed and grown on Non GMO, unbleached, unbromated, organic flour! They are tended to daily, and the mother starter is over a year old, so she is well established 🌾🍞

NOW AVAILABLE- at the coffee shop in Lincoln MO! Mozark Mocha",Retail,Retail,,,,,hidden,Physical good,,,,N,N,N,Y,10.00,,N,,N,,N,Y,,,,,,,,,,N,N,N,N,N,N,N,N,N,N,N,N,N,N,N,N,N,N
YC2VQHDCR4NNIWXLD6O5KEZV,Dinner rolls,,Regular,Half Dozen 1,,,Bread,Bread,,,,,visible,Physical good,,,,N,N,N,Y,9.00,,N,,N,,N,Y,,,,,,,,,,N,N,N,N,N,N,N,N,N,N,N,N,N,N,N,N,N,N
5QIB7QBRTP4GBTRN2V3ZDM62,Drip Coffee,,Small - 16oz,,,"Our drip coffee features a rich flavor with a bold aroma and a smooth texture, brewed from freshly ground premium coffee beans.",Drinks,Drinks,,,,,visible,Prepared food and beverage,,,,N,N,N,Y,3.00,,N,,N,,N,Y,Drink Sizes,Small - 16oz,,,,,,,,N,N,N,N,N,N,N,N,N,N,N,Y,N,Y,N,Y,N,Y
CYKRTML367VAPW4WMYPA2FHC,Drip Coffee,,Regular - 20oz,,,,Drinks,Drinks,,,,,visible,Prepared food and beverage,,,,,,,,4.00,,N,,,,N,,Drink Sizes,Regular - 20oz,,,,,,,,N,N,N,N,N,N,N,N,N,N,N,Y,N,Y,N,Y,N,Y
CLQ2COJK5JKKTVMXPCMQ57IB,Drip Coffee - Hot,,Small - 16oz,,,,Drinks,Drinks,,,,,hidden,Prepared food and beverage,,,,N,N,N,Y,3.00,3.00,N,,N,,N,Y,Drink Sizes,Small - 16oz,,,,,,,,N,N,N,N,N,N,N,N,N,N,N,Y,N,N,N,N,N,Y
GDSTQO7IATDBJXU4655VDZFC,Drip Coffee - Hot,,Regular - 20oz,,,,Drinks,Drinks,,,,,hidden,Prepared food and beverage,,,,,,,,4.00,4.00,N,,,,N,,Drink Sizes,Regular - 20oz,,,,,,,,N,N,N,N,N,N,N,N,N,N,N,Y,N,N,N,N,N,Y
TRUUFC3AWA2A22MHUA7HL5JF,Fancy granola,,Honey n oats,,,,Retail,Retail,,,,,unavailable,Prepared food and beverage,,,,,,,Y,5.00,,Y,,N,,N,Y,Granola flavors,Honey n oats,,,,0,,,,N,N,N,N,N,N,N,N,N,N,N,N,N,N,N,N,N,N
747CBBKXQSV6M46SM6FYI4EH,Fancy granola,,Chocolate espresso,,,,Retail,Retail,,,,,unavailable,Prepared food and beverage,,,,,,,,5.00,,Y,,,,N,,Granola flavors,Chocolate espresso,,,,0,,,,N,N,N,N,N,N,N,N,N,N,N,N,N,N,N,N,N,N
L2MCUM4RZ2KVLKTT6RTV7UM5,Fancy granola,,S’mores,,,,Retail,Retail,,,,,unavailable,Prepared food and beverage,,,,,,,,0.05,,Y,,,,N,,Granola flavors,S’mores,,,,0,,,,N,N,N,N,N,N,N,N,N,N,N,N,N,N,N,N,N,N
KTOLYKLFORFDKOOLPGEWNCNB,Fudge brownie,,2,,,"Soft, chewy, deep chocolate flavor, and perfectly paired with a glass of cold milk.",Karlie,Karlie,,,,,unavailable,Physical good,,,,N,N,N,Y,6.00,,Y,,N,,N,Y,,,,,,,,,,N,N,N,N,N,N,N,N,N,N,N,N,N,N,N,N,N,N
WPQROGFYX24ABURJOGFOMISM,Fudge brownie,,4,,,,Karlie,Karlie,,,,,unavailable,Physical good,,,,,,,,12.00,,Y,,,,N,,,,,,,,,,,N,N,N,N,N,N,N,N,N,N,N,N,N,N,N,N,N,N
CWB3CLQV25YEQUPT62CGG2KL,Fudge brownie,,6,,,,Karlie,Karlie,,,,,unavailable,Physical good,,,,,,,,18.00,,Y,,,,N,,,,,,,,,,,N,N,N,N,N,N,N,N,N,N,N,N,N,N,N,N,N,N
2KOMPKCNZFPGFUJBCHDXWR7D,Garlic knots,,Regular,,,,Bread,Bread,,,,,visible,Prepared food and beverage,,,,N,N,N,Y,8.00,,N,,N,,N,Y,,,,,,,,,,N,N,N,N,N,N,N,N,N,N,N,N,N,N,N,N,N,N
LZGHELICHTIKARAJ2QYN3AQO,Gourmet jumbo muffins,,Lemon Raspberry,,,,"Food, From the case",Food,,,,,hidden,Physical good,,,,N,N,N,Y,4.00,,N,,N,,N,Y,,,,,,8,,,,N,N,N,N,N,N,N,N,N,N,N,N,N,N,N,N,N,N
C3Z75HGAQXD2NOTC3HANBXYF,Gourmet jumbo muffins,,Lemon Poppyseed,,,,"Food, From the case",Food,,,,,hidden,Physical good,,,,,,,,4.00,,N,,,,N,,,,,,,25,,,,N,N,N,N,N,N,N,N,N,N,N,N,N,N,N,N,N,N
RRUDI7Q7672WXUWIAZED6DQW,Gourmet jumbo muffins,,Cinnamon Streusel,,,,"Food, From the case",Food,,,,,hidden,Physical good,,,,,,,,4.00,,N,,,,N,,,,,,,27,,,,N,N,N,N,N,N,N,N,N,N,N,N,N,N,N,N,N,N
FUQFH5HY3MCT7FVVX3JI43ME,Gourmet jumbo muffins,,Blueberry,,,,"Food, From the case",Food,,,,,hidden,Physical good,,,,,,,,4.00,,N,,,,N,,,,,,,79,,,,N,N,N,N,N,N,N,N,N,N,N,N,N,N,N,N,N,N
PV2EXPVXU4ZQ73N36ROEPYGS,Gourmet jumbo muffins,,Banana Nut Muffin,,,,"Food, From the case",Food,,,,,hidden,Physical good,,,,,,,,4.00,,N,,,,N,,,,,,,19,,,,N,N,N,N,N,N,N,N,N,N,N,N,N,N,N,N,N,N
Q4P2XJC3B54OKKZ34VVLBCNG,Gourmet jumbo muffins,,Double Chocolate Chip,,,,"Food, From the case",Food,,,,,hidden,Physical good,,,,,,,,4.00,,N,,,,N,,,,,,,24,,,,N,N,N,N,N,N,N,N,N,N,N,N,N,N,N,N,N,N
MCAI72ORUB2VUVCC2LUBO7VM,Gourmet jumbo muffins,,Cinnamon sugar peach,,,,"Food, From the case",Food,,,,,hidden,Physical good,,,,,,,,3.50,,N,,,,N,,,,,,,29,,,,N,N,N,N,N,N,N,N,N,N,N,N,N,N,N,N,N,N
GJUKYA6ZDNIOXBNESVPWHBBI,Gourmet jumbo muffins,,Pumpkin strusel,,,,"Food, From the case",Food,,,,,hidden,Physical good,,,,,,,,4.00,,N,,,,N,,,,,,,32,,,,N,N,N,N,N,N,N,N,N,N,N,N,N,N,N,N,N,N
T6DBJT7D2X4MKKQ2LIYDKW2X,Hot Apple Cider,,Small - 16oz,,,,Drinks,Drinks,,,,,hidden,Prepared food and beverage,,,,N,N,N,Y,4.00,,N,,N,,N,Y,Drink Sizes,Small - 16oz,,,,,,,,N,N,N,N,N,N,N,N,N,N,N,N,N,N,N,N,N,N
ZQ3UHUFODUZYPMBP73XFXP3R,Hot Apple Cider,,Regular - 20oz,,,,Drinks,Drinks,,,,,hidden,Prepared food and beverage,,,,,,,,5.00,,N,,,,N,,Drink Sizes,Regular - 20oz,,,,,,,,N,N,N,N,N,N,N,N,N,N,N,N,N,N,N,N,N,N
2C4CURV4QFEE7QQURMQ6HGQQ,Hot Chocolate,,16 Oz,,,Made with steamed milk and Ghirardelli chocolate or white chocolate,Drinks,Drinks,,,,,hidden,Prepared food and beverage,,,,N,N,N,Y,5.00,,N,,N,,N,Y,,,,,,,,,,N,N,N,N,N,N,N,N,N,N,N,N,N,Y,N,N,N,Y
ZH4UH2I3HGFSOHNR72GQPYBQ,Hot Chocolate,,20 Oz,,,,Drinks,Drinks,,,,,hidden,Prepared food and beverage,,,,,,,,6.00,,N,,,,N,,,,,,,,,,,N,N,N,N,N,N,N,N,N,N,N,N,N,Y,N,N,N,Y
MNOTV6VGZ6UTDXGYKZBENQ3Q,Hot Latte,,Small - 16oz,,,"A robust blend of freshly ground coffee beans, delivering a bold flavor and aromatic scent, finished with a smooth texture.",Drinks,Drinks,,,,,visible,Prepared food and beverage,,,,N,N,N,Y,6.50,,N,,N,,N,Y,Drink Sizes,Small - 16oz,,,,758,,Y,200,N,N,Y,N,N,N,Y,N,N,N,N,Y,N,Y,N,Y,N,Y
STC2JCBA2XV2TOPJVSM2J5V7,Hot Latte,,Regular - 20oz,,,,Drinks,Drinks,,,,,visible,Prepared food and beverage,,,,,,,,7.50,,N,,,,N,,Drink Sizes,Regular - 20oz,,,,369,,Y,200,N,N,Y,N,N,N,Y,N,N,N,N,Y,N,Y,N,Y,N,Y
3NUXPZK5SRIRSHUYYGA3XE3H,Iced Latte,,Small - 16oz,,,"Chilled, robust coffee, expertly brewed and served over ice, complemented by a splash of creamy milk for a refreshing finish.",Drinks,Drinks,,,,,visible,Prepared food and beverage,,,,N,N,N,Y,6.50,,N,,N,,N,Y,Drink Sizes,Small - 16oz,,,,249,,Y,200,Y,N,Y,N,N,N,Y,N,N,N,N,Y,N,Y,N,Y,N,Y
JFIRNPYJNV3DP7KFNIGKCRB2,Iced Latte,,Regular - 20oz,,,,Drinks,Drinks,,,,,visible,Prepared food and beverage,,,,,,,,7.50,,N,,,,N,,Drink Sizes,Regular - 20oz,,,,616,,Y,200,Y,N,Y,N,N,N,Y,N,N,N,N,Y,N,Y,N,Y,N,Y
VHODPCTBYH3QWDTUMME2NSGJ,Iced Latte,,Large - 24oz,,,,Drinks,Drinks,,,,,visible,Prepared food and beverage,,,,,,,,8.50,,N,,,,N,,Drink Sizes,Large - 24oz,78.49,,,369,,Y,200,Y,N,Y,N,N,N,Y,N,N,N,N,Y,N,Y,N,Y,N,Y
YTC6O3NUCTT3M53B3HJ6HI7I,Iced tea & lemonade,,Small - 16oz,,,,Drinks,Drinks,,,,,hidden,Physical good,,,,N,N,N,Y,4.75,,N,,N,,N,Y,Drink Sizes,Small - 16oz,,,,895,,,,N,N,N,N,N,N,N,N,N,N,N,Y,N,N,N,N,N,Y
OM3FYHOL2OPEBFIZUC2Z4G6N,Iced tea & lemonade,,Regular - 20oz,,,,Drinks,Drinks,,,,,hidden,Physical good,,,,,,,,5.75,,N,,,,N,,Drink Sizes,Regular - 20oz,,,,669,,,,N,N,N,N,N,N,N,N,N,N,N,Y,N,N,N,N,N,Y
CCLZAZ6EP6NCV7HFW4Y527YD,Iced tea & lemonade,,Large - 24oz,,,,Drinks,Drinks,,,,,hidden,Physical good,,,,,,,,6.75,,N,,,,N,,Drink Sizes,Large - 24oz,,,,506,,,,N,N,N,N,N,N,N,N,N,N,N,Y,N,N,N,N,N,Y
2LVMUPE5I7ZVJG5CHVULT7BY,Icing,,Regular,,,,,,,,,,visible,Physical good,,,,N,N,N,Y,4.00,,N,,N,,N,Y,,,,,,,,,,N,N,N,N,N,N,N,N,N,N,N,N,N,N,N,N,N,N
5WFJKPAPEQN5IIIJHXG5IVH7,Kids drinks,,Kids - 8oz,,,,,,,,,,visible,Physical good,,,,N,N,N,Y,3.50,,N,,N,,N,Y,Drink Sizes,Kids - 8oz,,,,86,,,,N,N,N,N,N,N,N,N,N,N,N,N,N,N,N,N,N,N
VEVFOP2KNQVXEOKMUMGS772X,Kolache,,Regular,,,,"Food, From the case",Food,,,,,hidden,Physical good,,,,N,N,N,Y,5.50,,N,,N,,N,Y,,,,,,559,,,,N,N,N,N,N,N,N,N,N,N,N,N,N,N,N,N,N,N
7TCR7MFCHSZKWAXW577F4OP4,Macarons,,2 Pack,,,,"Food, From the case",Food,,,,,hidden,Physical good,,,,N,N,N,Y,6.00,,N,,N,,N,Y,,,,,,,,,,N,N,N,N,N,N,N,N,N,N,N,N,N,N,N,N,N,N
25ML37VWX3JIZ77OYSHQNX7Y,Macarons,,6 Pack,,,,"Food, From the case",Food,,,,,hidden,Physical good,,,,,,,,18.00,,N,,,,N,,,,,,,,,,,N,N,N,N,N,N,N,N,N,N,N,N,N,N,N,N,N,N
IZ6GBG7HMZQNQ4EQLIIQ6PF2,Milk bread,,Plain,,,,Bread,Bread,,,,,hidden,Physical good,,,,N,N,N,Y,8.00,,N,,N,,N,Y,,,,,,,,,,N,N,N,N,N,N,N,N,N,N,N,N,N,N,N,N,N,N
BDXKOGHTX5MMVQTZO3T7FRX3,Milk bread,,Cinnamon raisin,,,,Bread,Bread,,,,,hidden,Physical good,,,,,,,,9.00,,N,,,,N,,,,,,,,,,,N,N,N,N,N,N,N,N,N,N,N,N,N,N,N,N,N,N
Z7GE2XWJKQHITQQTTRG3SOXA,Mini pies,,Regular,,,,,,,,,,hidden,Physical good,,,,N,N,N,Y,10.00,,N,,N,,N,Y,,,,,,,,,,N,N,N,N,N,N,N,N,N,N,N,N,N,N,N,N,N,N
7RT7UANNR5FE7G7RQE5NX57C,Muffins,,Regular,,,,Food,Food,,,,,hidden,Physical good,,,,N,N,N,Y,4.00,,N,,N,,N,Y,,,,,,,,,,N,N,N,N,N,N,N,N,N,N,N,N,N,N,N,N,N,N
MPLP42RYUXATCGZVSUVOE6Y3,Non coffee,,Kids - 8oz,,,,,,,,,,visible,Prepared food and beverage,,,,,,,,variable,,N,,,,N,Y,Drink Sizes,Kids - 8oz,,,,,,,,Y,N,N,N,N,N,N,N,Y,N,N,Y,N,Y,N,N,N,Y
FNLTWNZBXGHATESPEUDP4WJR,Non coffee,,Small - 16oz,,,,,,,,,,visible,Prepared food and beverage,,,,,,,,variable,,N,,,,N,,Drink Sizes,Small - 16oz,,,,,,,,Y,N,N,N,N,N,N,N,Y,N,N,Y,N,Y,N,N,N,Y
EPESGY32GP3LJKFGFR5Q46RT,Non coffee,,Regular - 20oz,,,,,,,,,,visible,Prepared food and beverage,,,,,,,,variable,,N,,,,N,,Drink Sizes,Regular - 20oz,,,,,,,,Y,N,N,N,N,N,N,N,Y,N,N,Y,N,Y,N,N,N,Y
K5ONKIALWGV6SVFO6PBFBYTI,Non coffee,,Large - 24oz,,,,,,,,,,visible,Prepared food and beverage,,,,,,,,variable,,N,,,,N,,Drink Sizes,Large - 24oz,,,,,,,,Y,N,N,N,N,N,N,N,Y,N,N,Y,N,Y,N,N,N,Y
QNPFY445GE74YIZGXGNPFURF,PROTEIN OPTIONS,,Protein roll plain,,,,"Food, From the case",Food,,,,,hidden,Physical good,,,,N,N,N,Y,6.00,,N,,N,,N,Y,Breakfast,Protein roll plain,,,,600,,,,N,N,N,N,N,N,N,N,N,N,N,N,N,N,N,N,N,N
O57EINI75YTLOLGW2FHVZ2KG,PROTEIN OPTIONS,,Protein roll & gravy,,,,"Food, From the case",Food,,,,,hidden,Physical good,,,,,,,,7.00,,N,,,,N,,Breakfast,Protein roll & gravy,,,,0,,,,N,N,N,N,N,N,N,N,N,N,N,N,N,N,N,N,N,N
RGLV3YBNJDRJS6CL62Y3BBCJ,PROTEIN OPTIONS,,Gravy cup,,,,"Food, From the case",Food,,,,,hidden,Physical good,,,,,,,,1.00,,N,,,,N,,Breakfast,Gravy cup,,,,0,,,,N,N,N,N,N,N,N,N,N,N,N,N,N,N,N,N,N,N
NZYJJRCHTNJXJIFHTF55ZXH2,PROTEIN OPTIONS,,English muffin Sammie,,,,"Food, From the case",Food,,,,,hidden,Physical good,,,,,,,,6.00,,N,,,,N,,Breakfast,English muffin Sammie,,,,,,,,N,N,N,N,N,N,N,N,N,N,N,N,N,N,N,N,N,N
HJTVBBUFK6RBJM62XLY2QHXN,PROTEIN OPTIONS,,Bagel Sammie,,,,"Food, From the case",Food,,,,,hidden,Physical good,,,,,,,,8.00,,N,,,,N,,Breakfast,Bagel Sammie,,,,566,,,,N,N,N,N,N,N,N,N,N,N,N,N,N,N,N,N,N,N
OJ2YC6Q744P6BWDM5T6GB4GK,PROTEIN OPTIONS,,Bistro Sammie,,,,"Food, From the case",Food,,,,,hidden,Physical good,,,,,,,,8.00,,N,,,,N,,Breakfast,Bistro Sammie,,,,,,,,N,N,N,N,N,N,N,N,N,N,N,N,N,N,N,N,N,N
FAPW5KA4J2UX7KLGYNTB43CM,PROTEIN OPTIONS,,Meat free English muffin Sammie,,,,"Food, From the case",Food,,,,,hidden,Physical good,,,,,,,,5.00,,N,,,,N,,Breakfast,Meat free English muffin Sammie,,,,,,,,N,N,N,N,N,N,N,N,N,N,N,N,N,N,N,N,N,N
2WFHRDYSPPPWBD3Y6RXVD4CO,PROTEIN OPTIONS,,Meat free bagel Sammie,,,,"Food, From the case",Food,,,,,hidden,Physical good,,,,,,,,7.00,,N,,,,N,,Breakfast,Meat free bagel Sammie,,,,,,,,N,N,N,N,N,N,N,N,N,N,N,N,N,N,N,N,N,N
CRQIZHC5ZPSUT6K7JKIY3723,Parfait,,Regular,,,,Food,Food,,,,,hidden,Prepared food and beverage,,,,N,N,N,Y,8.00,,N,,N,,N,Y,,,,,,,,,,N,N,N,N,N,N,N,N,N,N,N,N,N,N,N,N,N,N
FN37YUY4GZKP6JFU5FFE2F7G,Pastry,,Regular,,,,"Food, From the case",Food,,,,,hidden,Physical good,,,,N,N,N,Y,4.00,,N,,N,,N,Y,,,,,,,,,,N,N,N,N,N,N,N,N,N,N,N,N,N,N,N,N,N,N
N3ZXUBIZQK3HCVZTGV2RI2WS,Pretzel,,Beer cheese,,,,Bread,Bread,,,,,hidden,Physical good,,,,N,N,N,Y,6.00,,N,,N,,N,Y,Combo,Beer cheese,,,,,,,,N,N,N,N,N,N,N,N,N,N,N,N,N,N,N,N,N,N
RHRIWLBZY44OSFEGKBJVKSMY,Pretzel,,Honey mustard,,,,Bread,Bread,,,,,hidden,Physical good,,,,,,,,6.00,,N,,,,N,,Combo,Honey mustard,,,,,,,,N,N,N,N,N,N,N,N,N,N,N,N,N,N,N,N,N,N
2KO7Y43Q7ZSKBUHF33RPHB3I,Pretzel,,Solo,,,,Bread,Bread,,,,,hidden,Physical good,,,,,,,,5.00,,N,,,,N,,Combo,Solo,,,,,,,,N,N,N,N,N,N,N,N,N,N,N,N,N,N,N,N,N,N
MPFTZNDZOLP4M5W7PEGEXPOJ,Puddin cups,,Regular,,,,Food,Food,,,,,hidden,Physical good,,,,N,N,N,Y,6.00,,N,,N,,N,Y,,,,,,,,,,N,N,N,N,N,N,N,N,N,N,N,N,N,N,N,N,N,N
TVWVUGPD4J4POLGBVCUOBR3C,Retail Beans,,Espresso,,,,Retail,Retail,,,,,hidden,Prepared food and beverage,,,,N,N,N,Y,20.00,,N,,N,,N,Y,Beans,Espresso,,,,0,,,,N,N,N,N,N,N,N,N,N,N,N,N,N,N,N,N,N,N
GYSAI7GIMTAQZXQHOFJK6ERH,Retail Beans,,Cold brew,,,,Retail,Retail,,,,,hidden,Prepared food and beverage,,,,,,,,20.00,,N,,,,N,,Beans,Cold brew,,,,3,,,,N,N,N,N,N,N,N,N,N,N,N,N,N,N,N,N,N,N
MTDCLNWPAKJSRL7D6VX4KGO6,Retail Beans,,French roast,,,,Retail,Retail,,,,,hidden,Prepared food and beverage,,,,,,,,20.00,,N,,,,N,,Beans,French roast,,,,1,,,,N,N,N,N,N,N,N,N,N,N,N,N,N,N,N,N,N,N
S7JLSYADAATB3K7E6EVLAWVA,Sausage braid,,Regular,,,,Food,Food,,,,,hidden,Physical good,,,,N,N,N,Y,6.00,,N,,N,,N,Y,,,,,,,,,,N,N,N,N,N,N,N,N,N,N,N,N,N,N,N,N,N,N
K46OMCLSUSALLW4GR4KDCBJE,Sourdough Artisan loaf,,Jalapeño and cheese,,,,"Bread, Food",Bread,,,,,hidden,Physical good,,,,N,N,N,Y,12.50,,N,,N,,N,Y,Flavors and inclusions,Jalapeño and cheese,,,,,,,,N,N,N,N,N,N,N,N,N,N,N,N,N,N,N,N,N,N
LAUTNBDCKVTM2KHZ3NYTA7M7,Sourdough Artisan loaf,,Garlic and herb,,,,"Bread, Food",Bread,,,,,hidden,Physical good,,,,,,,,12.50,,N,,,,N,,Flavors and inclusions,Garlic and herb,,,,,,,,N,N,N,N,N,N,N,N,N,N,N,N,N,N,N,N,N,N
66C2QDF2HTZQBEV34HEITBOW,Sourdough Artisan loaf,,Chocolate,,,,"Bread, Food",Bread,,,,,hidden,Physical good,,,,,,,,12.50,,N,,,,N,,Flavors and inclusions,Chocolate,,,,,,,,N,N,N,N,N,N,N,N,N,N,N,N,N,N,N,N,N,N
L25HYSHPJWMLYLWXHOS2FKOJ,Sourdough Artisan loaf,,Whole wheat,,,,"Bread, Food",Bread,,,,,hidden,Physical good,,,,,,,,12.50,,N,,,,N,,Flavors and inclusions,Whole wheat,,,,,,,,N,N,N,N,N,N,N,N,N,N,N,N,N,N,N,N,N,N
BARY5T73HKQA32K3JP3EOUN7,Sourdough Artisan loaf,,Cinnamon raisin,,,,"Bread, Food",Bread,,,,,hidden,Physical good,,,,,,,,12.50,,N,,,,N,,Flavors and inclusions,Cinnamon raisin,,,,,,,,N,N,N,N,N,N,N,N,N,N,N,N,N,N,N,N,N,N
OKHFOLUK7EKOKXVNYSFP7TMX,Sourdough Artisan loaf,,Plain,,,,"Bread, Food",Bread,,,,,hidden,Physical good,,,,,,,,10.50,,N,,,,N,,Flavors and inclusions,Plain,,,,,,,,N,N,N,N,N,N,N,N,N,N,N,N,N,N,N,N,N,N
VTTN3334GYYC7I26EJDNNNRW,Sourdough Artisan loaf,,Garlic Parmesan,,,,"Bread, Food",Bread,,,,,hidden,Physical good,,,,,,,,12.50,,N,,,,N,,Flavors and inclusions,Garlic Parmesan,,,,,,,,N,N,N,N,N,N,N,N,N,N,N,N,N,N,N,N,N,N
XTQP7NKXPWIFAQS42YG4NZKJ,Sourdough Artisan loaf,,Seasons greeting,,,,"Bread, Food",Bread,,,,,hidden,Physical good,,,,,,,,12.50,,N,,,,N,,Flavors and inclusions,Seasons greeting,,,,,,,,N,N,N,N,N,N,N,N,N,N,N,N,N,N,N,N,N,N
MDPXSC2XAXRM47QPO7NZUCGB,Sourdough Artisan loaf,,Margherita,,,,"Bread, Food",Bread,,,,,hidden,Physical good,,,,,,,,12.50,,N,,,,N,,Flavors and inclusions,Margherita,,,,,,,,N,N,N,N,N,N,N,N,N,N,N,N,N,N,N,N,N,N
FKZ5WSXXCW3M4XQCXEUCDRZW,Sourdough Artisan loaf,,Hot honey and feta,,,,"Bread, Food",Bread,,,,,hidden,Physical good,,,,,,,,12.00,,N,,,,N,,Flavors and inclusions,Hot honey and feta,,,,,,,,N,N,N,N,N,N,N,N,N,N,N,N,N,N,N,N,N,N
BRAG46FAQNSC6HAWEBCL4KPZ,Sourdough Artisan loaf,,Candied walnut & cranberry,,,,"Bread, Food",Bread,,,,,hidden,Physical good,,,,,,,,12.00,,N,,,,N,,Flavors and inclusions,Candied walnut & cranberry,,,,,,,,N,N,N,N,N,N,N,N,N,N,N,N,N,N,N,N,N,N
VYUCAIC5QEV2RKPXLTHZDRLQ,Sourdough Artisan loaf,,Rosemary thyme and white cheddar,,,,"Bread, Food",Bread,,,,,hidden,Physical good,,,,,,,,12.00,,N,,,,N,,Flavors and inclusions,Rosemary thyme and white cheddar,,,,,,,,N,N,N,N,N,N,N,N,N,N,N,N,N,N,N,N,N,N
KV5QBTDSCYELWSRKWQHVC2AA,Sourdough Artisan loaf,,Everything bagel and white cheddar,,,,"Bread, Food",Bread,,,,,hidden,Physical good,,,,,,,,12.00,,N,,,,N,,Flavors and inclusions,Everything bagel and white cheddar,,,,,,,,N,N,N,N,N,N,N,N,N,N,N,N,N,N,N,N,N,N
OFRZBU72ANVAZ75YLN7AESSN,Sourdough Artisan loaf,,Rye,,,,"Bread, Food",Bread,,,,,hidden,Physical good,,,,,,,,12.00,,N,,,,N,,Flavors and inclusions,Rye,,,,,,,,N,N,N,N,N,N,N,N,N,N,N,N,N,N,N,N,N,N
PE2ZTD7OWB5PENKNHFGEO6LE,Sourdough Artisan loaf,,Blackberry white cheddar,,,,"Bread, Food",Bread,,,,,hidden,Physical good,,,,,,,,12.00,,N,,,,N,,Flavors and inclusions,Blackberry white cheddar,,,,,,,,N,N,N,N,N,N,N,N,N,N,N,N,N,N,N,N,N,N
JNVAVJQGQEQS6APXK5OXKXP7,Sourdough Baguette,,Regular,,,,"Bread, Food",Bread,,,,,hidden,Physical good,,,,N,N,N,Y,5.00,,N,,N,,N,Y,,,,,,,,,,N,N,N,N,N,N,N,N,N,N,N,N,N,N,N,N,N,N
GECV7QEEQZP7X3JKHYOPAIP2,Sourdough Class for beginners,,Regular,,,"<p>Does sourdough intimidate you? Feel like it’s overly time consuming? Are you wanting to make bread without feeling like you need a bachelors degree in science?</p><p>I get it!! This class is catered to those who want to learn, “lazy sourdough” methods, that don’t  involve rigid techniques. </p><p>What to expect-</p><p>1. This will be a small intimate class, I’m only accepting 10-12 individuals because I really like to spend time with my individuals that attend. Spots are limited, and slots available will be updated as the class fills up. </p><p>2. Included in this class you will be gifted a live starter, a quart jar, a bag of basic unbleached flour, as well as a PDF of my step by step how to. </p><p>3. When you sign up for this class, you gain a long term coach, as you go home and you are ready to take action solo in the kitchen, You can pester me, FaceTime me, call me, email me, ALL. OF. IT. and I will guide you through the whole process. Loaf looks weird? Send me a picture. Can’t remember what temp the oven needed to be? Text me.  This is a huge benefit to this class as it allows you the peace of mind that I have your back. </p><p>4. Class will be held at our store front in Cole Camp! 100 s maple st Cole camp mo 65325 </p><p>5. Class cost is $60 per person, an invoice link will be sent to you via email after sign up. </p><p>6. NON REFUNDABLE- If you pay for the class, and miss it I cannot refund, this wouldnt be fair to me or others, however we do understand special circumstances which can be discussed. </p><p>You can find my form &#34;Class Sign Up Form&#34; at: <a target=""_blank"" rel=""noopener noreferrer nofollow"" href=""https://form.jotform.com/241945834614159"">https://form.jotform.com/241945834614159</a></p><p>Thank you to all patrons of ABAPB🥰🫶🏻🥖</p>",,,,,,,visible,Event,,,,Y,,,,60.00,,N,,N,,Y,Y,,,,,,,,,,N,N,N,N,N,N,N,N,N,N,N,N,N,N,N,N,N,N
D42VPEQPJ5MNKBS7IM3PTQ7G,Sourdough Focaccia,,Regular,,,"Perfect for dipping, stacking up a sandwich or just slathering with butter","Bread, Food",Bread,,,,,hidden,Physical good,,,,N,N,N,Y,8.00,,N,,N,,N,Y,,,,,,,,,,N,N,N,N,N,N,N,N,N,N,N,N,N,N,N,N,N,N
XEXICF4KJTW5KF2CGSUIJSED,Sourdough Focaccia,,Sea salt,,,,"Bread, Food",Bread,,,,,hidden,Physical good,,,,,,,,8.00,,N,,,,N,,,,,,,,,,,N,N,N,N,N,N,N,N,N,N,N,N,N,N,N,N,N,N
J34IKEQHZFEOYKHPKAEQYQDW,Sourdough Focaccia,,Cracked black pepper,,,,"Bread, Food",Bread,,,,,hidden,Physical good,,,,,,,,8.00,,N,,,,N,,,,,,,,,,,N,N,N,N,N,N,N,N,N,N,N,N,N,N,N,N,N,N
DGT5QST7ZNXIE7ZODMWKLO26,Sourdough Focaccia,,Garlic Herb,,,,"Bread, Food",Bread,,,,,hidden,Physical good,,,,,,,,10.00,,N,,,,N,,,,,,,,,,,N,N,N,N,N,N,N,N,N,N,N,N,N,N,N,N,N,N
EWK66353BLB7MPA4SBN6NLY5,Sourdough Focaccia,,Cheesy garlic,,,,"Bread, Food",Bread,,,,,hidden,Physical good,,,,,,,,10.00,,N,,,,N,,,,,,,,,,,N,N,N,N,N,N,N,N,N,N,N,N,N,N,N,N,N,N
YDAAAFTQV57HGKOGVDISBPSB,Sourdough Focaccia,,tomato basil,,,,"Bread, Food",Bread,,,,,hidden,Physical good,,,,,,,,10.00,,N,,,,N,,,,,,,,,,,N,N,N,N,N,N,N,N,N,N,N,N,N,N,N,N,N,N
B4JHDP3VWUXT34HVUQT6KUV6,Sourdough Focaccia,,cinnamon roll,,,,"Bread, Food",Bread,,,,,hidden,Physical good,,,,,,,,10.00,,N,,,,N,,,,,,,,,,,N,N,N,N,N,N,N,N,N,N,N,N,N,N,N,N,N,N
QWI3EPZR3GM7BQXZWSL3D5GS,Sourdough Focaccia,,cinnamon raisin,,,,"Bread, Food",Bread,,,,,hidden,Physical good,,,,,,,,10.00,,N,,,,N,,,,,,,,,,,N,N,N,N,N,N,N,N,N,N,N,N,N,N,N,N,N,N
CDEFVKZESCUT2TYGQLRN2RUW,Stryker Energy,,Small - 16oz,,,"Recharge with Stryker Energy, a refreshing beverage infused with the natural energy-boosting properties of Lotus Energy, designed to invigorate and refresh.",Drinks,Drinks,,,,,visible,Prepared food and beverage,,,,N,N,N,Y,6.00,,N,,N,,N,Y,Drink Sizes,Small - 16oz,,,,,,,,Y,N,N,N,N,N,N,N,N,N,N,N,N,Y,N,Y,Y,Y
5B7PDXCYN42WO3CKYST4MWC3,Stryker Energy,,Regular - 20oz,,,,Drinks,Drinks,,,,,visible,Prepared food and beverage,,,,,,,,7.00,,N,,,,N,,Drink Sizes,Regular - 20oz,,,,,,,,Y,N,N,N,N,N,N,N,N,N,N,N,N,Y,N,Y,Y,Y
I7RIX37XTQ6MF3MCZ2JA3LUP,Stryker Energy,,Large - 24oz,,,,Drinks,Drinks,,,,,visible,Prepared food and beverage,,,,,,,,8.00,,N,,,,N,,Drink Sizes,Large - 24oz,,,,,,,,Y,N,N,N,N,N,N,N,N,N,N,N,N,Y,N,Y,Y,Y
LT353CV5PZDGMBUDFUJD5UYL,Syrups,,Vanilla,,,,,,,,,,hidden,Physical good,,,,N,N,N,Y,0.75,,N,,N,,N,Y,Flavors,Vanilla,,,,2,,,,N,N,N,N,N,N,N,N,N,N,N,N,N,N,N,N,N,N
NW37JGAKOKAYCGJK2F7D7GZY,Syrups,,Hazelnut,,,,,,,,,,hidden,Physical good,,,,,,,,0.75,,N,,,,N,,Flavors,Hazelnut,,,,4,,,,N,N,N,N,N,N,N,N,N,N,N,N,N,N,N,N,N,N
POYPAP2JVFHDUY5IOZTNXFLH,Syrups,,Classic praline,,,,,,,,,,hidden,Physical good,,,,,,,,0.75,,N,,,,N,,Flavors,Classic praline,,,,1,,,,N,N,N,N,N,N,N,N,N,N,N,N,N,N,N,N,N,N
QRKEHVUVCFRBCZRVTNV36MY5,Syrups,,Caramel pecan,,,,,,,,,,hidden,Physical good,,,,,,,,0.75,,N,,,,N,,Flavors,Caramel pecan,,,,2,,,,N,N,N,N,N,N,N,N,N,N,N,N,N,N,N,N,N,N
5OASLSSOJGMAFJDCGT4KSGDF,Syrups,,Butterscotch,,,,,,,,,,hidden,Physical good,,,,,,,,0.75,,N,,,,N,,Flavors,Butterscotch,,,,2,,,,N,N,N,N,N,N,N,N,N,N,N,N,N,N,N,N,N,N
I2KE52WZF63AKBPEYPR2RAP4,Syrups,,English toffee,,,,,,,,,,hidden,Physical good,,,,,,,,0.75,,N,,,,N,,Flavors,English toffee,,,,4,,,,N,N,N,N,N,N,N,N,N,N,N,N,N,N,N,N,N,N
AVDQAQOUTAFSWINHBM6VIOST,Syrups,,Toasted marshmallow,,,,,,,,,,hidden,Physical good,,,,,,,,0.75,,N,,,,N,,Flavors,Toasted marshmallow,,,,2,,,,N,N,N,N,N,N,N,N,N,N,N,N,N,N,N,N,N,N
HDT33S34BGFTQ2CPI6UODYLV,Syrups,,Sugar,,,,,,,,,,hidden,Physical good,,,,,,,,0.75,,N,,,,N,,Flavors,Sugar,,,,2,,,,N,N,N,N,N,N,N,N,N,N,N,N,N,N,N,N,N,N
XHW5ZLNNPOBDI5OSYRXRORMZ,Syrups,,Banana,,,,,,,,,,hidden,Physical good,,,,,,,,0.75,,N,,,,N,,Flavors,Banana,,,,5,,,,N,N,N,N,N,N,N,N,N,N,N,N,N,N,N,N,N,N
LACRQPHCDX37CFI66VJEF64H,Syrups,,Lavender,,,,,,,,,,hidden,Physical good,,,,,,,,0.75,,N,,,,N,,Flavors,Lavender,,,,3,,,,N,N,N,N,N,N,N,N,N,N,N,N,N,N,N,N,N,N
VAO3WEUQF34ZQSCB3QCUDH5B,Syrups,,Spiced brown sugar,,,,,,,,,,hidden,Physical good,,,,,,,,0.75,,N,,,,N,,Flavors,Spiced brown sugar,,,,4,,,,N,N,N,N,N,N,N,N,N,N,N,N,N,N,N,N,N,N
IJP35T2QAUVFWKV5SJHX3LNA,Syrups,,Strawberry,,,,,,,,,,hidden,Physical good,,,,,,,,0.75,,N,,,,N,,Flavors,Strawberry,,,,2,,,,N,N,N,N,N,N,N,N,N,N,N,N,N,N,N,N,N,N
QTQZWZPOUY5OYKUZ2XBMB4CP,Syrups,,Coconut,,,,,,,,,,hidden,Physical good,,,,,,,,0.75,,N,,,,N,,Flavors,Coconut,,,,3,,,,N,N,N,N,N,N,N,N,N,N,N,N,N,N,N,N,N,N
DDDVOXYPI3ZUXVCSA4THCLNN,Syrups,,Pina colada,,,,,,,,,,hidden,Physical good,,,,,,,,0.75,,N,,,,N,,Flavors,Pina colada,,,,5,,,,N,N,N,N,N,N,N,N,N,N,N,N,N,N,N,N,N,N
VQ2FOZ6EEYI7Q5ATPBFMHJDZ,Syrups,,Watermelon,,,,,,,,,,hidden,Physical good,,,,,,,,0.75,,N,,,,N,,Flavors,Watermelon,,,,4,,,,N,N,N,N,N,N,N,N,N,N,N,N,N,N,N,N,N,N
MWUXRI2GEKDZ7VJVBUEBMDEQ,Syrups,,Peach,,,,,,,,,,hidden,Physical good,,,,,,,,0.75,,N,,,,N,,Flavors,Peach,,,,5,,,,N,N,N,N,N,N,N,N,N,N,N,N,N,N,N,N,N,N
GZNIKGST47WXEMAOHLV2DBNS,Syrups,,Blue raspberry,,,,,,,,,,hidden,Physical good,,,,,,,,0.75,,N,,,,N,,Flavors,Blue raspberry,,,,3,,,,N,N,N,N,N,N,N,N,N,N,N,N,N,N,N,N,N,N
M2NNCQJHG3Q3ETFKIKHCAYB4,Syrups,,Peppermint,,,,,,,,,,hidden,Physical good,,,,,,,,0.75,,N,,,,N,,Flavors,Peppermint,,,,1,,,,N,N,N,N,N,N,N,N,N,N,N,N,N,N,N,N,N,N
LW7Z6R34I35HJKRRBP3WMUYZ,Syrups,,Raspberry,,,,,,,,,,hidden,Physical good,,,,,,,,0.75,,N,,,,N,,Flavors,Raspberry,,,,2,,,,N,N,N,N,N,N,N,N,N,N,N,N,N,N,N,N,N,N
4NT52VU6MFPS6EPSJAKHY7OT,Syrups,,BlackBerry,,,,,,,,,,hidden,Physical good,,,,,,,,0.75,,N,,,,N,,Flavors,BlackBerry,,,,4,,,,N,N,N,N,N,N,N,N,N,N,N,N,N,N,N,N,N,N
Z76OBBVMO6JQQRGDXKT6IYZR,Syrups,,Cotton candy,,,,,,,,,,hidden,Physical good,,,,,,,,0.75,,N,,,,N,,Flavors,Cotton candy,,,,3,,,,N,N,N,N,N,N,N,N,N,N,N,N,N,N,N,N,N,N
T42I47HNRRJRANU4BPGSHXNN,Syrups,,Prickly pear,,,,,,,,,,hidden,Physical good,,,,,,,,0.75,,N,,,,N,,Flavors,Prickly pear,,,,3,,,,N,N,N,N,N,N,N,N,N,N,N,N,N,N,N,N,N,N
OKDWKTPCEVNMVSK76J6UPL3G,Syrups,,Peanut butter,,,,,,,,,,hidden,Physical good,,,,,,,,0.75,,N,,,,N,,Flavors,Peanut butter,,,,3,,,,N,N,N,N,N,N,N,N,N,N,N,N,N,N,N,N,N,N
PB5ST7F4CTVB5ZZQWESZUDIL,Syrups,,Orange,,,,,,,,,,hidden,Physical good,,,,,,,,0.75,,N,,,,N,,Flavors,Orange,,,,5,,,,N,N,N,N,N,N,N,N,N,N,N,N,N,N,N,N,N,N
G2VYIBQONGKS52LZ6UJPGC4C,Syrups,,Mango,,,,,,,,,,hidden,Physical good,,,,,,,,0.75,,N,,,,N,,Flavors,Mango,,,,3,,,,N,N,N,N,N,N,N,N,N,N,N,N,N,N,N,N,N,N
UP6BMUXPJMHBHEWKX6LDCFEH,Syrups,,Sf vanilla,,,,,,,,,,hidden,Physical good,,,,,,,,0.75,,N,,,,N,,Flavors,Sf vanilla,,,,1,,,,N,N,N,N,N,N,N,N,N,N,N,N,N,N,N,N,N,N
TZCQIZTG7EYIOOGYRJEI27MW,Syrups,,Sf caramel,,,,,,,,,,hidden,Physical good,,,,,,,,0.75,,N,,,,N,,Flavors,Sf caramel,,,,1,,,,N,N,N,N,N,N,N,N,N,N,N,N,N,N,N,N,N,N
6P522JUQIPBSNUIQVJY7GTJ2,Syrups,,Sf hazelnut,,,,,,,,,,hidden,Physical good,,,,,,,,0.75,,N,,,,N,,Flavors,Sf hazelnut,,,,1,,,,N,N,N,N,N,N,N,N,N,N,N,N,N,N,N,N,N,N
TY2W2NWLBEGV3M6WPFPKKBKD,Syrups,,Sf butterscotch,,,,,,,,,,hidden,Physical good,,,,,,,,0.75,,N,,,,N,,Flavors,Sf butterscotch,,,,1,,,,N,N,N,N,N,N,N,N,N,N,N,N,N,N,N,N,N,N
GPLCPCMB2YXNFJAWMDX5X5GC,Syrups,,Sf spiced brown sugar,,,,,,,,,,hidden,Physical good,,,,,,,,0.75,,N,,,,N,,Flavors,Sf spiced brown sugar,,,,1,,,,N,N,N,N,N,N,N,N,N,N,N,N,N,N,N,N,N,N
UI3LYIT7IPAOJO6DAE2EXTOA,Syrups,,Sf coconut,,,,,,,,,,hidden,Physical good,,,,,,,,0.75,,N,,,,N,,Flavors,Sf coconut,,,,4,,,,N,N,N,N,N,N,N,N,N,N,N,N,N,N,N,N,N,N
7LEGTC336RWRHVDUDOWYKYCK,Syrups,,Sf banana,,,,,,,,,,hidden,Physical good,,,,,,,,0.00,,N,,,,N,,Flavors,Sf banana,,,,1,,,,N,N,N,N,N,N,N,N,N,N,N,N,N,N,N,N,N,N
KWXDMGUMPQCZGRCWISRPM37G,Teas,,Small - 16oz,,,,Drinks,Drinks,,,,,hidden,Prepared food and beverage,,,,N,N,N,Y,4.50,,N,,N,,N,Y,Drink Sizes,Small - 16oz,,,,,,,,N,N,N,N,N,Y,N,N,Y,N,N,Y,N,N,N,N,N,N
E6V7LUDALYRY2CMBYFKJQWHE,Teas,,Regular - 20oz,,,,Drinks,Drinks,,,,,hidden,Prepared food and beverage,,,,,,,,5.50,,N,,,,N,,Drink Sizes,Regular - 20oz,,,,,,,,N,N,N,N,N,Y,N,N,Y,N,N,Y,N,N,N,N,N,N
GGO42N6IXNOXDJSHQEJ6LHPK,Teas,,Large - 24oz,,,,Drinks,Drinks,,,,,hidden,Prepared food and beverage,,,,,,,,6.50,,N,,,,N,,Drink Sizes,Large - 24oz,,,,,,,,N,N,N,N,N,Y,N,N,Y,N,N,Y,N,N,N,N,N,N
E22HAF4BMBNCX2BH27ZBS23O,Tray cakes,,Wedding cake,,,,Food,Food,,,,,visible,Physical good,,,,N,N,N,Y,5.00,,N,,N,,N,Y,,,,,,,,,,N,N,N,N,N,N,N,N,N,N,N,N,N,N,N,N,N,N
